72-Hour Short Ribs,1,2020-02-06
Carrot and Garam Masala Ravioli,2,2020-02-06
Catfish & Andouille Sausage,1,2020-02-06
Chocolate Pudding,3,2020-02-06
Pineapple Sour Cream Cake,1,2020-02-06
Scallops,2,2020-02-06
Wild Boar Loin,1,2020-02-06
Woodland Mushroom Arancini,1,2020-02-06
Blind Tasting Menu,4,2020-02-07
Chocolate Pudding,1,2020-02-07
Scallops,1,2020-02-07
Wild Boar Loin,1,2020-02-07
72-Hour Short Ribs,3,2020-02-08
Carrot and Garam Masala Ravioli,2,2020-02-08
Chocolate Pudding,3,2020-02-08
Woodland Mushroom Arancini,1,2020-02-08
72-Hour Short Ribs,1,2020-02-12
Carrot and Garam Masala Ravioli,1,2020-02-12
Woodland Mushroom Arancini,2,2020-02-12
Apple Cider-Cranberry Souffl√©,1,2020-02-13
Catfish & Andouille Sausage,1,2020-02-13
Scallops,2,2020-02-13
Wild Boar Loin,1,2020-02-13
72-Hour Short Ribs,1,2020-02-14
Blind Tasting Menu,10,2020-02-14
Carrot and Garam Masala Ravioli,2,2020-02-14
Pineapple Sour Cream Cake,1,2020-02-14
Scallops,1,2020-02-14
Wild Boar Loin,1,2020-02-14
Woodland Mushroom Arancini,1,2020-02-14
72-Hour Short Ribs,1,2020-02-15
Carrot and Garam Masala Ravioli,2,2020-02-15
Catfish & Andouille Sausage,1,2020-02-15
Pineapple Sour Cream Cake,1,2020-02-15
Scallops,1,2020-02-15
Wild Boar Loin,1,2020-02-15
Woodland Mushroom Arancini,1,2020-02-15
Chocolate Pudding,1,2020-02-16
Wild Boar Loin,1,2020-02-16
Woodland Mushroom Arancini,3,2020-02-16
Blind Tasting Menu,2,2020-02-20
Blind Tasting Menu,2,2020-02-21
Scallops,1,2020-02-21
Wild Boar Loin,1,2020-02-21
Blind Tasting Menu,4,2020-02-22
Carrot and Garam Masala Ravioli,2,2020-02-22
Catfish & Andouille Sausage,1,2020-02-22
Woodland Mushroom Arancini,1,2020-02-22
Chocolate Pudding,1,2020-03-27
Scallops,5,2020-03-29
